target_variable,target_domain,metric_name,baseline_val,hybrid_val,improvement_pct,p_value,significant_synergy
inflation_rate_1y_fwd,Economic Metrics,RMSE (R2),14.2381,14.2387,-0.0,0.9978,False
gov_debt_gdp_1y_fwd,Economic Metrics,RMSE (R2),11.4672,11.4714,-0.04,0.9258,False
unemployment_rate_1y_fwd,Economic Metrics,RMSE (R2),2.4007,2.4022,-0.06,0.9021,False
banking_crisis_1y_fwd,Economic Crises,ROC-AUC,0.6427,0.6288,-2.17,0.0829,False
sov_debt_crisis_1y_fwd,Economic Crises,ROC-AUC,0.7458,0.7396,-0.82,0.5518,False
protest_unrest_annual_sum_1y_fwd,Political Metrics,RMSE (R2),1486.2143,1495.5946,-0.63,0.0442,False
news_tone_annual_mean_1y_fwd,Political Metrics,RMSE (R2),0.4101,0.4101,0.0,1.0,False
sanctions_coercion_annual_sum_1y_fwd,Political Metrics,RMSE (R2),536.3908,538.5574,-0.4,0.0089,False
conflict_intensity_annual_mean_1y_fwd,Political Metrics,RMSE (R2),0.0158,0.0158,0.0,1.0,False
