target_variable,feature_name,importance_score,rank
gdp_pc_growth_1y_fwd,gdp_pc_growth_3y_fwd,460.0,1
gdp_pc_growth_1y_fwd,gdp_pc_real_logret5,77.6,2
gdp_pc_growth_1y_fwd,gdp_nominal_usd,35.6,3
gdp_pc_growth_1y_fwd,inflation_rate,32.6,4
gdp_pc_growth_1y_fwd,gdp_pc_growth_5y_fwd,31.4,5
gdp_pc_growth_1y_fwd,gdp_real_usd,29.8,6
gdp_pc_growth_1y_fwd,gdp_pc_real_usd_logret5,28.0,7
gdp_pc_growth_1y_fwd,gov_deficit_gdp,27.8,8
gdp_pc_growth_1y_fwd,inflation_rate_lag1,25.8,9
gdp_pc_growth_1y_fwd,goldstein_annual_std,20.2,10
gdp_pc_growth_1y_fwd,investment_gdp_delta5,19.4,11
gdp_pc_growth_1y_fwd,fixed_investment_gdp_delta5,19.0,12
gdp_pc_growth_1y_fwd,gov_consumption_gdp,18.8,13
gdp_pc_growth_1y_fwd,gdp_real,17.4,14
gdp_pc_growth_1y_fwd,exports_gdp_logret5,16.0,15
gdp_pc_growth_1y_fwd,gdp_pc_real_delta5,14.6,16
gdp_pc_growth_1y_fwd,inflation_rate_lag5,14.0,17
gdp_pc_growth_1y_fwd,fixed_investment_gdp_logret5,13.2,18
gdp_pc_growth_1y_fwd,gdp_deflator_logret5,13.2,19
gdp_pc_growth_1y_fwd,gdp_pc_real_usd_delta5,13.0,20
stability_momentum_annual_mean,conflict_intensity_annual_mean,686.0,1
stability_momentum_annual_mean,goldstein_annual_mean,684.4,2
stability_momentum_annual_mean,goldstein_annual_min,20.0,3
stability_momentum_annual_mean,goldstein_annual_std,9.2,4
stability_momentum_annual_mean,goldstein_annual_mean_1y_fwd,0.4,5
stability_momentum_annual_mean,psychology_social_cohesion_target_h1,0.0,6
stability_momentum_annual_mean,gdp_nominal_delta5,0.0,7
stability_momentum_annual_mean,inflation_rate,0.0,8
stability_momentum_annual_mean,society_religion_rank,0.0,9
stability_momentum_annual_mean,investment_gdp_roll5_mean,0.0,10
stability_momentum_annual_mean,inflation_rate_delta5,0.0,11
stability_momentum_annual_mean,household_consumption_gdp,0.0,12
stability_momentum_annual_mean,psychology_confidence_lag_1,0.0,13
stability_momentum_annual_mean,gov_debt_gdp_lag5,0.0,14
stability_momentum_annual_mean,exports_gdp_logret5,0.0,15
stability_momentum_annual_mean,floods_count_lag_1,0.0,16
stability_momentum_annual_mean,psychology_nationalism_velocity_3y,0.0,17
stability_momentum_annual_mean,banking_crisis_lag5,0.0,18
stability_momentum_annual_mean,psychology_social_cohesion_roll_mean_10y,0.0,19
stability_momentum_annual_mean,psychology_trust_velocity_3y,0.0,20
co2_emissions_per_capita,co2_emissions_per_capita_rank,582.0,1
co2_emissions_per_capita,forest_area_pct_land_roll_mean_10y,94.4,2
co2_emissions_per_capita,co2_emissions_per_capita_roll_mean_10y,89.0,3
co2_emissions_per_capita,temp_anomaly_celsius_roll_mean_10y,75.6,4
co2_emissions_per_capita,renewable_energy_pct_share_roll_mean_10y,69.2,5
co2_emissions_per_capita,co2_emissions_per_capita_velocity_3y,67.0,6
co2_emissions_per_capita,co2_emissions_per_capita_lag_3,47.6,7
co2_emissions_per_capita,co2_emissions_per_capita_target_h5,35.0,8
co2_emissions_per_capita,co2_emissions_per_capita_diff_h1,33.0,9
co2_emissions_per_capita,co2_emissions_per_capita_target_h1,29.8,10
co2_emissions_per_capita,co2_emissions_per_capita_diff_h5,27.0,11
co2_emissions_per_capita,temp_anomaly_celsius_target_h5,21.0,12
co2_emissions_per_capita,co2_emissions_per_capita_diff_h3,17.8,13
co2_emissions_per_capita,renewable_energy_pct_share_target_h5,16.2,14
co2_emissions_per_capita,co2_emissions_per_capita_target_h3,13.8,15
co2_emissions_per_capita,forest_area_pct_land,13.4,16
co2_emissions_per_capita,extreme_temp_count_rank,11.6,17
co2_emissions_per_capita,forest_area_pct_land_target_h5,11.0,18
co2_emissions_per_capita,forest_area_pct_land_lag_5,10.0,19
co2_emissions_per_capita,forest_area_pct_land_target_h3,9.6,20
psychology_trust,psychology_trust_target_h1,438.8,1
psychology_trust,psychology_trust_rank,368.2,2
psychology_trust,psychology_trust_lag_1,367.6,3
psychology_trust,psychology_social_cohesion,29.0,4
psychology_trust,psychology_trust_diff_h3,20.0,5
psychology_trust,psychology_confidence,19.4,6
psychology_trust,psychology_trust_diff_h1,18.4,7
psychology_trust,society_healthcare_lag_5,9.6,8
psychology_trust,psychology_trust_lag_3,9.4,9
psychology_trust,psychology_social_cohesion_diff_h1,8.4,10
psychology_trust,society_urbanization_lag_5,7.6,11
psychology_trust,psychology_trust_velocity_3y,6.8,12
psychology_trust,psychology_social_cohesion_diff_h3,6.2,13
psychology_trust,psychology_trust_target_h3,5.4,14
psychology_trust,psychology_fear_lag_5,4.8,15
psychology_trust,psychology_confidence_diff_h1,4.2,16
psychology_trust,psychology_trust_diff_h5,4.2,17
psychology_trust,psychology_trust_roll_mean_10y,3.8,18
psychology_trust,psychology_confidence_roll_std_10y,3.6,19
psychology_trust,society_education_diff_h5,3.6,20
psychology_fear,psychology_fear_target_h1,392.2,1
psychology_fear,psychology_fear_rank,369.8,2
psychology_fear,psychology_fear_lag_1,222.0,3
psychology_fear,psychology_fear_diff_h1,120.2,4
psychology_fear,psychology_fear_diff_h3,19.2,5
psychology_fear,society_healthcare_lag_5,16.8,6
psychology_fear,psychology_fear_diff_h5,16.0,7
psychology_fear,society_education_lag_5,15.2,8
psychology_fear,society_population_lag_5,11.6,9
psychology_fear,society_religion_roll_std_10y,10.6,10
psychology_fear,society_population_diff_h3,9.2,11
psychology_fear,psychology_social_cohesion_lag_5,8.2,12
psychology_fear,society_age_lag_5,7.6,13
psychology_fear,psychology_trust_lag_1,7.6,14
psychology_fear,society_education_diff_h5,7.6,15
psychology_fear,psychology_trust_lag_5,7.2,16
psychology_fear,society_age_lag_1,7.2,17
psychology_fear,society_education_roll_mean_10y,6.8,18
psychology_fear,psychology_social_cohesion_roll_std_10y,6.0,19
psychology_fear,society_education_lag_1,5.8,20
